id,fixture,n,strategy,seed,location,status,supply_peak_kw,delivered_energy_kwh,unmet_energy_kwh,min_voltage_pu,grid_violation_steps
0003bf611df5f3d1d19a,2025-12-1.2-regulated-normal,80000,immediate,61002,home,failed,534781.5710556703,1120000.0,0,0.773533830111281,25
00baba8ce8d003c324bc,2025-12-1.2-regulated-normal,20000,capacity_aware,61002,home,passed,232349.12608803416,280000.0,0,0.958507912037402,0
00d1db5bf7e940e6ddde,2025-06-1-as_supplied-normal,10000,immediate,61002,home,passed,182488.26733499396,140000.0,0,0.959193792822269,0
00f216386cd1aaa4d23e,2025-06-1-as_supplied-normal,6000,immediate,61003,public,passed,153078.56481013965,84000.0,0,0.9701411562224308,0
01ab08f86a6a2d1e4d69,2025-06-1-as_supplied-normal,20000,immediate,61001,home,failed,220501.3469542796,280000.0,0,0.9445075379449399,13
02941ef4a550e670ce41,2025-06-1-as_supplied-normal,1000,randomized_delay,61002,home,passed,145406.79138918503,14000.0,0,0.9722657747997784,0
037f11a5793ee26f222e,2025-06-1-as_supplied-normal,1000,capacity_aware,61002,work,passed,145406.79138911387,14000.0,0,0.9722657747998925,0
043a7c279b1ed7be15c2,2025-06-1-as_supplied-normal,10000,fixed_delay,61001,home,failed,201686.82840585962,140000.0,0,0.9554428187357241,8
0446e56ac3b25a4a45f3,2025-12-1.2-regulated-normal,5000,capacity_aware,61002,home,passed,232275.5981632633,70000.0,0,0.9583044943404756,0
04e4ae2675fdd0cd1724,2025-01-1-as_supplied-normal,0,immediate,61001,home,failed,218438.02746324605,0,0,0.9426223727309891,14
0533186ca816668d9e14,2025-06-1-as_supplied-normal,15000,immediate,61003,home,failed,202213.9134554643,210000.0,0,0.9502536444101367,9
055105263cf2df8ec4e7,2025-06-1-as_supplied-normal,1000,immediate,61001,work,passed,145406.79138923384,14000.0,0,0.9722657747998734,0
06c4344357abf9c376a9,2025-06-1-as_supplied-normal,5000,capacity_aware,61001,home,passed,148153.6547488777,70000.0,0,0.950021986401566,0
07117445f4005b8a25e4,2025-12-1-as_supplied-normal,1000,capacity_aware,61002,mixed,failed,231949.31066123908,13663.25,336.75,0.9366128671186462,19
0725ca7d3c287ba162bd,2025-06-1-as_supplied-normal,80000,capacity_aware,61001,public,failed,150446.83959015692,68625.0,1051375.0,0.9708122538680046,0
0757026efe976c057c32,2025-06-1-as_supplied-normal,40000,immediate,61003,public,failed,196340.09252331866,560000.0,0,0.9521788302777083,54
08269ed75f6c2e786eba,2025-06-0.996522-as_supplied-normal,10000,capacity_aware,61001,home,passed,182486.7895591301,140000.0,0,0.9591580362692482,0
0842ba7f5a5d06da6547,2025-12-1-as_supplied-normal,1000,immediate,61002,public,failed,233408.02331925454,14000.0,0,0.9361829775412397,19
085d7203c9fab5770007,2025-06-1-as_supplied-normal,15000,immediate,61001,home,failed,201632.80606708684,210000.0,0,0.9515726859920752,9
0889d0f647c3592a4929,2025-06-1-as_supplied-normal,0,capacity_aware,61002,home,passed,145406.79138918503,0,0,0.9722657747997784,0
089b2243e72be11457c6,2025-06-1-as_supplied-normal,10000,valley_filling,61001,home,passed,153862.7132506473,140000.0,7.036315974318086e-13,0.9693639954697972,0
090f4b665d742d9db16c,2025-06-1-as_supplied-normal,10000,capacity_aware,61003,public,failed,150446.83959015692,68586.23250000003,71413.76749999996,0.9708122538680046,0
092f64ab933479bccebb,2025-02-1-as_supplied-normal,0,immediate,61001,home,failed,223391.52446599095,0,0,0.9404380604593469,16
0b49c16b41ca0361fe80,2025-12-1-as_supplied-normal,1000,capacity_aware,61001,home,failed,231949.31066123908,14000.0,0,0.9366128671186462,19
0b54bdf67a2405926134,2025-06-1-as_supplied-normal,45000,capacity_aware,61002,home,passed,195039.1320846586,630000.0,0,0.9522065119182493,0
0bbfcd476b6c8c3f8994,2025-06-1-as_supplied-normal,80000,capacity_aware,61001,home,failed,147710.33377552763,79872.08273170539,1040127.9172682946,0.9500502036780158,0
0bc3ed2a2d39cd8fec82,2025-12-1.2-regulated-normal,10000,fixed_delay,61003,home,failed,292762.71807839896,140000.0,0,0.9370389612018213,9
0bc9cf696cbab02a38a6,2025-06-1-as_supplied-normal,20000,capacity_aware,61001,home,failed,147710.33377552763,79670.1315411041,200329.8684588959,0.9500502036780158,0
0bccc0693f570da61b6c,2025-06-1-as_supplied-normal,5000,immediate,61002,home,passed,163906.38261212193,70000.0,0,0.9657199298218619,0
0c38ceff823764b5e88b,2025-03-1-as_supplied-normal,0,immediate,61001,home,passed,195198.027024523,0,0,0.9522539273772088,0
0c47f4ab8fe85e6c0ec4,2025-12-1.2-regulated-normal,1000,immediate,61002,home,passed,223804.6411230109,14000.0,0,0.9617287275266249,0
0c526204401a418102e0,2025-12-1.2-regulated-normal,4000,immediate,61002,home,failed,235183.6819869178,56000.0,0,0.957302871051499,12
0d1ac73cb9244356271a,2025-06-1-as_supplied-normal,11000,immediate,61001,work,failed,179795.29191734712,154000.0,0,0.9657305380156702,2
0da4bbbf8d2420a0be4b,2025-06-1-as_supplied-normal,48500,capacity_aware,61001,home,passed,194887.94256188066,679000.0,0,0.9503117532383131,0
0e1f7ab97ef27c7b7276,2025-12-1.2-regulated-normal,0,immediate,61003,home,passed,219999.9973414636,0,0,0.9633167662208298,0
0e2dd49bdafc7610dcbb,2025-04-1-as_supplied-normal,0,immediate,61001,home,passed,179757.807469164,0,0,0.9586717576163176,0
0eaa386b71872821bdba,2025-06-1-as_supplied-normal,15000,immediate,61002,home,failed,201187.58007590522,210000.0,0,0.9519410421345748,9
0ead8a508a9bffa24eae,2025-06-1-as_supplied-normal,13500,immediate,61003,home,failed,196421.02973162575,189000.0,0,0.9526295399240583,4
0ec8d522bd6e9014b2ad,2025-06-1-as_supplied-normal,40000,immediate,61003,home,unknown,155216.79693145712,560000.0,0,0.7956894081104573,25
0ed3f6885f1a80422529,2025-12-1.2-regulated-normal,30000,capacity_aware,61003,home,failed,232320.71801568984,325155.22044505866,94844.77955494134,0.9554014453457527,0
0f1f19ba5cd86e123ca6,2025-12-1.2-regulated-normal,10000,capacity_aware,61002,home,passed,232305.90107706928,140000.0,0,0.9581473570719062,0
1005056211f02f24fc63,2025-12-1-as_supplied-normal,0,capacity_aware,61002,home,failed,231949.31066031588,0,0,0.9366128671186653,19
108b5b6bbf19ea00984c,2025-10-1-as_supplied-normal,0,immediate,61001,home,passed,181384.46066211583,0,0,0.9586467674673714,0
1098aec6cbc185f2e42e,2025-06-1-as_supplied-normal,60000,capacity_aware,61003,home,failed,194887.0093500311,762326.037470947,77673.96252905348,0.9500482424944622,0
10a3bfbf73ba94fc3286,2025-06-1-as_supplied-normal,1000,capacity_aware,61001,home,passed,149241.61301961448,14000.0,0,0.9710969219819405,0
111bedbb6912ec34bf88,2025-06-1-as_supplied-normal,10000,immediate,61003,work,passed,172865.16857335,140000.0,0,0.9677149323653187,0
11eac23f4686861c8449,2025-06-1-as_supplied-normal,48000,capacity_aware,61002,home,passed,195196.92151262166,672000.0,0,0.9500187379441759,0
120965ee309df32d4bc0,2025-06-1-as_supplied-normal,10000,capacity_aware,61001,home,passed,165332.07248952173,140000.0,0,0.9644621831254518,0
1337900fa92f4b3d8ba6,2025-06-1-as_supplied-normal,0,capacity_aware,61003,public,passed,145406.79138918503,0,0,0.9722657747997784,0
144597189720fb6ba08d,2025-06-1-as_supplied-normal,5000,capacity_aware,61001,work,passed,145406.791389219,70000.0,0,0.9722657747998497,0
1476ef082457daa5f679,2025-06-1-as_supplied-normal,10000,capacity_aware,61001,public,failed,150446.83959015692,68699.79000000004,71300.21,0.9708122538680046,0
14810400c3e91c4c90bb,2025-06-1-regulated-normal,0,immediate,61001,home,passed,145406.79145787747,0,0,0.9934939209689178,0
14cce797652e6cb1a6bd,2025-06-1-as_supplied-normal,40000,capacity_aware,61003,work,failed,178679.40656272383,452454.5279749349,107545.47202506503,0.9503742108954045,0
14f73bc0b3fc20f97a55,2025-06-1-as_supplied-normal,10000,capacity_aware,61001,home,passed,182884.8437199421,140000.0,0,0.9586830619066237,0
14fc473545bebf08e888,2025-12-1.2-regulated-normal,1000,immediate,61003,home,passed,223981.3932536796,14000.0,0,0.9617536666508811,0
159136298f32d2c755c4,2024-07-1-as_supplied-normal,0,immediate,61001,home,passed,142670.71830262223,0,0,0.9733168679185565,0
15dd9ab4b26d9a71cbef,2025-12-1.2-regulated-normal,5000,immediate,61001,home,failed,239345.30896046516,70000.0,0,0.9553450039167768,14
162f0b0726adafd86962,2025-12-1.2-regulated-normal,10000,capacity_aware,61003,home,passed,232304.4205376306,140000.0,0,0.9564410401875386,0
16c7714870963798337c,2025-12-1.2-regulated-normal,30000,capacity_aware,61002,home,failed,232377.64809855347,325155.22044505866,94844.77955494134,0.9562604389185078,0
17d822967538505fe8a0,2025-06-1-as_supplied-normal,7500,capacity_aware,61001,home,failed,147710.33377552763,79506.93245374238,25493.0675462576,0.9500515827555849,0
181592be8a1ae914b1c6,2025-06-1-as_supplied-flat,10000,capacity_aware,61001,home,passed,144516.12324661217,140000.0,0,0.9739041698389783,0
19a41177fd34497bb1f3,2025-06-1-as_supplied-normal,10000,capacity_aware,61001,home,passed,194855.9929340338,280000.0,0,0.954679669913564,0
19edb9e393c561b4f703,2025-06-1-as_supplied-normal,3000,immediate,61002,home,failed,156698.6448314031,42000.0,0,0.9113624158215241,16
1a45d0dd5d096cd6780b,2025-06-1-as_supplied-normal,5000,capacity_aware,61001,home,passed,164523.89832637165,70000.0,0,0.9652948786011702,0
1bc037a541365f2cccd6,2025-12-1.2-regulated-normal,30000,capacity_aware,61001,home,failed,232240.37324460797,325155.22044505854,94844.77955494134,0.9577589940212055,0
1bf00b056b1976aae0ef,2025-12-1.2-voltage_only-normal,10000,capacity_aware,61001,home,failed,278339.1694913197,140000.0,0,0.9378968529720619,19
1cf859b52eefc5c94ba4,2025-06-1-as_supplied-normal,1500,immediate,61003,home,failed,151342.49922317668,21000.0,0,0.9441896272540103,9
1dfefe286a9a57e75693,2025-12-1.2-regulated-normal,20000,capacity_aware,61001,home,passed,232274.8120447559,280000.0,0,0.9565752717584984,0
1e0d7cff13eb673898c5,2025-12-1.2-regulated-normal,10000,immediate,61003,home,failed,258488.96759554395,140000.0,0,0.9468183954453903,20
1e1e074e55bd69d52460,2025-06-1-as_supplied-normal,10000,immediate,61001,work,passed,172753.06022984796,140000.0,0,0.9686255811685855,0
1e1e413378d66b795728,2025-12-1.2-regulated-normal,21000,capacity_aware,61003,home,passed,232287.2186342426,294000.0,0,0.9571100832693056,0
1f80677d998c8ee1015f,2025-01-1.2-regulated-normal,0,immediate,61001,home,passed,219999.99726149667,0,0,0.9634677291092416,0
1fb0668ef853f8c4a83a,2025-06-1-as_supplied-normal,20000,capacity_aware,61003,home,failed,150017.8582570871,82136.77262368158,197863.2273763184,0.9507668015060582,0
1fb554d91de183109cd3,2025-06-1-as_supplied-normal,10000,capacity_aware,61003,home,passed,183294.72143124166,140000.0,0,0.9576339003776575,0
208111f43f89c46fddeb,2025-12-1.2-regulated-normal,0,immediate,61001,home,passed,219999.9973414636,0,0,0.9633167662208298,0
20b328b8982416aeef22,2025-06-1-as_supplied-normal,7500,immediate,61003,public,failed,154925.41927892534,105000.0,0,0.9696504327176777,41
2115e2d5886f651ba8e9,2025-06-1-as_supplied-normal,1000,valley_filling,61001,home,passed,146266.16382153146,14000.0,7.649991751179641e-13,0.9719933311158583,0
21189d39022d031b3a77,2025-06-1-as_supplied-normal,10000,immediate,61002,public,failed,157916.16095404897,140000.0,0,0.968766364785053,46
212785995472b6706c27,2025-06-1-as_supplied-sharp,10000,capacity_aware,61001,home,passed,192680.44303680453,140000.0,0,0.9550558109004733,0
21efac2a93251697a152,2024-08-1-as_supplied-normal,0,immediate,61001,home,passed,140314.0205331866,0,0,0.9742181233798508,0
21f0c8b91206aff42282,2025-06-1-as_supplied-normal,40000,capacity_aware,61002,public,failed,150446.83959015692,68110.46999999997,491889.5299999999,0.9708122538680046,0
222394cdff9a56fb99fd,2025-06-1-as_supplied-normal,6000,immediate,61001,public,passed,153066.73683125823,84000.0,0,0.9701827951212278,0
224f8c5ba05a8b497038,2025-06-1-as_supplied-normal,1000,capacity_aware,61003,public,passed,146713.9231889077,14000.0,0,0.9717447989484361,0
232ae5596ed9ab6a399b,2025-06-1-as_supplied-normal,47500,capacity_aware,61001,home,passed,194889.63428407774,665000.0,0,0.9504016033470705,0
236cdc251e9eca424ed9,2025-12-1.2-voltage_only-normal,0,immediate,61001,home,failed,278339.1694914419,0,0,0.9378968529720946,19
23de8f88e1540a3def29,2025-06-1-as_supplied-normal,48000,capacity_aware,61003,home,passed,194779.39960891314,672000.0,0,0.9512908632983987,0
2482ecb4480cad201d82,2025-12-1.2-regulated-normal,40000,capacity_aware,61002,home,failed,232437.6824695302,325155.2204450586,234844.77955494134,0.9538263809028745,0
24c935564dd5021b0492,2025-06-1-as_supplied-normal,20000,immediate,61002,work,failed,244226.30124709522,280000.0,0,0.940108690775636,9
254a3ef1adf3499cfa4e,2025-06-1-as_supplied-normal,40000,immediate,61001,home,failed,297638.78865139076,560000.0,0,0.9118479216296475,19
2610a8b5d13bdc1b0602,2025-12-1.2-regulated-normal,5000,capacity_aware,61003,home,passed,232255.24141443113,70000.0,0,0.9573156307341742,0
2632dbfd2dc14bc0176c,2025-06-1-as_supplied-normal,5000,capacity_aware,61001,home,passed,147710.33377552763,70000.0,0,0.9500932854289799,0
2671d8eb638895183d32,2025-06-1-as_supplied-normal,45000,capacity_aware,61001,home,passed,194870.2875726824,630000.0,0,0.9501371004092717,0
26e966ecd5520a71c2a1,2025-06-1-as_supplied-normal,0,immediate,61003,work,passed,145406.79138918503,0,0,0.9722657747997784,0
273845a5bace35235adb,2025-06-1-as_supplied-normal,10000,randomized_delay,61003,home,passed,145406.79138918503,140000.0,0,0.9722657747997784,0
27a048a91574815becd7,2025-06-1-as_supplied-normal,7500,capacity_aware,61003,public,failed,151060.9949779936,67852.57859374999,37147.42140624998,0.9708122538680046,0
27c7c8e91fe85c5f649c,2025-06-1-as_supplied-normal,1000,fixed_delay,61001,home,passed,145406.79138918503,14000.0,0,0.9722657747997784,0
2803a7d0b155b86c8c17,2025-06-1-as_supplied-normal,1000,immediate,61001,home,passed,149309.71247544087,14000.0,0,0.9552099033513717,0
2929a1d7cc40e51ada6b,2024-02-1-as_supplied-normal,0,immediate,61001,home,failed,209993.76510468515,0,0,0.9462969698415478,12
29994b4a9bfed0b06ac8,2025-06-1-voltage_only-normal,0,immediate,61001,home,passed,145406.79145787747,0,0,0.9934939209689178,0
2b0d24caaa8bb0ad1d12,2025-12-1.2-regulated-normal,0,capacity_aware,61002,home,passed,219999.9973414636,0,0,0.9633167662208298,0
2b28de3f0f4207e79427,2025-06-1-as_supplied-normal,2000,immediate,61003,home,failed,153534.1365279161,28000.0,0,0.9314075485681671,12
2d1036341f3c31d3ef06,2025-12-1-as_supplied-normal,1000,least_laxity_first,61001,home,failed,231949.31066123908,14000.0,1.7763568394002505e-15,0.9366128671186462,19
2effbf982315d1fa0e8d,2025-06-1-as_supplied-normal,5000,capacity_aware,61002,work,passed,145406.79138914746,70000.0,0,0.9722657747999532,0
2ffc436ee0cd9893d892,2025-06-1-as_supplied-normal,20000,immediate,61003,home,failed,220588.97329106,280000.0,0,0.942627654020062,13
3112348e7986daeba144,2025-06-1-as_supplied-normal,40000,capacity_aware,61002,work,failed,178505.74991628292,422915.4684933579,137084.5315066422,0.9510000504272773,0
3151f23d4fc5a2f8da3e,2025-12-1-as_supplied-normal,1000,valley_filling,61003,home,failed,231949.31066123908,13999.999999999998,1.3608003612830544e-12,0.9366128671186462,19
31d25f0ab3301f88ef68,2025-06-1-as_supplied-normal,20000,immediate,61002,home,failed,220116.17546059447,280000.0,0,0.9441918414733113,13
32085a8f16efbee3540e,2025-06-1-as_supplied-normal,0,capacity_aware,61001,home,passed,145406.79138918503,0,0,0.9722657747997784,0
3295d240651270ec9e24,2025-06-1-as_supplied-normal,20000,capacity_aware,61002,home,failed,150008.15199989325,82126.78262368157,197873.21737631838,0.951354212024334,0
33ed2d4ac02b7eea2cfd,2025-06-1-as_supplied-normal,3000,immediate,61003,home,failed,157479.88800413808,42000.0,0,0.9063961025132083,16
3444edbd95419df8b846,2025-06-1-as_supplied-normal,20000,immediate,61002,public,failed,171194.38332893842,280000.0,0,0.9635182233138011,51
34e7b95d8bceaf15b0fe,2025-06-1-as_supplied-normal,5000,capacity_aware,61002,home,passed,163906.38261212193,70000.0,0,0.9657199298218619,0
35467d18b5dc5409af5e,2025-06-1-as_supplied-normal,7500,capacity_aware,61002,public,failed,152570.80169333433,69176.91000000003,35823.08999999997,0.9705980190581741,0
354bf65a819eb8d8e85d,2025-06-1-as_supplied-normal,5000,immediate,61001,home,passed,164523.89832637165,70000.0,0,0.9652948786011702,0
37449340700b41246f14,2025-06-1-as_supplied-normal,0,immediate,61001,work,passed,145406.79138918503,0,0,0.9722657747997784,0
37644e8b979d840de770,2025-12-1-as_supplied-normal,1000,capacity_aware,61001,mixed,failed,231949.31066123908,13585.160000000005,414.84000000000003,0.9366128671186462,19
3813fc223365182d467e,2025-06-1-as_supplied-normal,5000,immediate,61001,home,failed,165601.13571232,70000.0,0,0.8447562575518986,19
38f7b776d5e758e01a30,2025-06-1-as_supplied-normal,10000,valley_filling,61002,home,passed,153773.77805022194,140000.0,7.123746037507317e-13,0.9693980968932528,0
38fcb9646d45ca5b1c66,2025-06-1-as_supplied-normal,7500,capacity_aware,61001,public,failed,151128.13684391475,72679.32250000002,32320.67750000002,0.9708122538680046,0
3930b33d89d17c81c2a6,2025-06-1-as_supplied-normal,27500,capacity_aware,61003,work,passed,178820.8670775299,385000.0,0,0.9500228082565818,0
3960a2693b1b8dffb8c6,2025-06-1-as_supplied-normal,5000,immediate,61003,work,passed,145406.79138920002,70000.0,0,0.9722657747998377,0
3a4513f2de66009d6001,2025-06-1-as_supplied-normal,10000,randomized_delay,61001,home,passed,145406.79138918503,140000.0,0,0.9722657747997784,0
3a9c11d2394a2b6d5d5c,2025-06-1-as_supplied-normal,10000,capacity_aware,61002,home,passed,182488.26733499396,140000.0,0,0.959193792822269,0
3ab76dbd38b331892055,2025-06-1-as_supplied-normal,6500,immediate,61003,public,failed,153663.0680563451,91000.0,0,0.969967063972896,1
3ac8f709d0187a3a413c,2025-12-1-as_supplied-normal,1000,capacity_aware,61002,home,failed,231949.31066123908,14000.0,0,0.9366128671186462,19
3cef40dd052c3a82d9c6,2025-06-1-as_supplied-normal,5000,immediate,61002,home,failed,164914.8404318036,70000.0,0,0.8505576840288405,19
3d46e11fe15e5d9d8027,2025-06-1-as_supplied-normal,0,immediate,61001,public,passed,145406.79138918503,0,0,0.9722657747997784,0
3f54464e25adbcf8ae67,2025-12-1-as_supplied-normal,1000,valley_filling,61002,home,failed,231949.31066123908,14000.0,2.5202062658991053e-13,0.9366128671186462,19
3faa62f9c90c6919e8ff,2025-06-1-as_supplied-normal,10000,capacity_aware,61001,home,passed,164184.43515193998,70000.0,0,0.9657888408555532,0
3fc10d1e782890adba20,2025-06-1-as_supplied-normal,10500,immediate,61003,work,failed,176440.0109433725,147000.0,0,0.9663017218580062,1
40ca4060e2dfa464a642,2025-06-1.2-as_supplied-normal,0,immediate,61001,home,passed,174488.14906200086,0,0,0.9607666853664606,0
4102e9f0e93d93ac2ea7,2025-06-1-as_supplied-normal,40000,capacity_aware,61003,home,passed,194731.5406739305,560000.0,0,0.9501276063322892,0
4122dc522ac1b2eb7348,2025-12-1.2-regulated-normal,10000,randomized_delay,61001,home,failed,222526.96311290798,140000.0,0,0.9633167662208298,11
422f8a93ba3ef9d2672d,2025-12-1.2-regulated-normal,80000,capacity_aware,61001,home,failed,232458.69997514982,325155.2204450586,794844.7795549413,0.9599383205937636,0
427b6114b3e55df9e033,2025-12-1.2-regulated-normal,80000,capacity_aware,61003,home,failed,232169.55682546407,283112.9972505241,836887.0027494759,0.9569144745536923,0
42a09e3131720577e82d,2025-06-1-as_supplied-normal,50000,capacity_aware,61003,home,failed,194806.3744351633,698478.8500390737,1521.149960928881,0.9504228097068738,0
42cfd240a3860a3522b7,2025-06-1-as_supplied-normal,0,capacity_aware,61001,home,passed,145406.79138918503,0,0,0.9722657747997784,0
42fae0d1c91042f28240,2025-06-1-as_supplied-normal,5500,capacity_aware,61003,home,passed,149208.55941301357,77000.0,0,0.9500730611289157,0
42fb9902295d3f340210,2025-12-1-as_supplied-normal,1000,immediate,61001,home,failed,235733.6975634163,14000.0,0,0.9350998992414691,19
44d886e11c3d16441693,2025-06-1-as_supplied-normal,1000,capacity_aware,61001,work,passed,145406.79138923384,14000.0,0,0.9722657747998734,0
44ff9da2a6ab97e6f260,2025-12-1-as_supplied-normal,1000,capacity_aware,61003,mixed,failed,231949.31066123908,13571.840000000004,428.16,0.9366128671186462,19
4562aa4492660353d3fc,2025-06-1-as_supplied-normal,28000,capacity_aware,61003,work,failed,178873.80475353298,391804.1600000003,195.83999999999943,0.9500238875016321,0
45a1503a758849ff3e26,2025-06-1-as_supplied-normal,6500,capacity_aware,61002,public,passed,153475.8051759815,91000.0,0,0.9700175141939514,0
45d4d8b7dd32d8dd2c38,2025-12-1.2-regulated-normal,5000,immediate,61003,home,failed,239619.1953152155,70000.0,0,0.9550388376666048,14
46e217108bffa902a295,2025-06-1-as_supplied-normal,5000,immediate,61001,work,passed,145406.791389219,70000.0,0,0.9722657747998497,0
47dbdd456ac549dae83f,2025-12-1.2-regulated-normal,4000,immediate,61001,home,failed,235399.12003355776,56000.0,0,0.9569635099297646,12
48724ed6a7cda1d382df,2025-06-1-as_supplied-normal,0,capacity_aware,61003,work,passed,145406.79138918503,0,0,0.9722657747997784,0
487be503ccd5dbb899ec,2025-12-1-as_supplied-normal,1000,capacity_aware,61002,work,failed,231949.31066035564,14000.0,0,0.9366128671186242,19
48faa4c71d11b0f394ab,2025-06-1-as_supplied-normal,5000,capacity_aware,61001,home,passed,148629.26045991402,70000.0,0,0.9506083149165885,0
498730f2766562f4144f,2025-06-1-as_supplied-normal,1000,least_laxity_first,61003,home,passed,149189.49762612724,14000.0,4.440892098500626e-15,0.9708786221122431,0
4a18c3380a958f043c10,2025-06-1-as_supplied-normal,1000,capacity_aware,61001,public,failed,146025.98031487543,6659.999999999967,7340.000000000039,0.9720950339248831,0
4b1642ebfe906bf7b852,2025-06-1-as_supplied-normal,10000,fixed_delay,61001,home,failed,201686.82840596067,140000.0,0,0.9554428187356847,8
4bbc77c18f6689520a68,2025-06-1-as_supplied-normal,1000,capacity_aware,61003,work,passed,145406.79138911224,14000.0,0,0.9722657747998757,0
4d5ed18ce8ea93bc3848,2025-06-1-as_supplied-normal,12500,immediate,61003,home,passed,192551.75052249993,175000.0,0,0.9540211532337342,0
4d6831027898a796ff0c,2025-05-1-as_supplied-normal,0,immediate,61001,home,passed,150480.94814072433,0,0,0.9703465386969322,0
4da7cf03c57e1097c17b,2025-06-1-as_supplied-normal,13500,immediate,61001,home,failed,196067.21735842925,189000.0,0,0.9536553952220056,3
4f41da13c9f9b60a24d1,2025-06-1-as_supplied-normal,15000,immediate,61001,work,failed,208241.9710060973,210000.0,0,0.9539743882613793,7
4f6fa68e0b73aafc5b83,2025-12-1.2-regulated-normal,3500,immediate,61001,home,failed,233532.4246702885,49000.0,0,0.9576451063458165,10
504e98d7dd6b1f521312,2025-06-1-as_supplied-normal,10000,valley_filling,61003,home,passed,153872.76659583463,140000.0,7.749911823395905e-13,0.9690609390346062,0
507bbfd132c9a34243ae,2025-06-1-as_supplied-normal,6000,capacity_aware,61002,home,failed,148396.10148617506,81084.1747456986,2915.8252543013186,0.9500644319606663,0
52228cf72e0a56c7e966,2025-06-1-as_supplied-normal,1000,fixed_delay,61003,home,passed,145406.79138918503,14000.0,0,0.9722657747997784,0
532e5d5d49936e784442,2025-12-1.2-regulated-normal,5000,immediate,61002,home,failed,238992.64661430795,70000.0,0,0.9557856077797502,15
533b0a04efc082ce7a4a,2025-06-1-as_supplied-normal,13000,immediate,61003,home,passed,194503.06840149948,182000.0,0,0.9532338499482839,0
5354d7820ad04c8bffda,2025-12-1.2-regulated-normal,40000,capacity_aware,61003,home,failed,232353.62914840007,325155.2204450588,234844.77955494134,0.9577040684022597,0
53e867f16b45fa6e4494,2025-06-1-as_supplied-normal,1000,capacity_aware,61003,public,passed,146698.06155390147,14000.0,0,0.9719619332810012,0
540b80d6dc388af613ff,2025-06-1-as_supplied-normal,80000,capacity_aware,61003,home,failed,149963.11345217982,82390.33881428288,1037609.6611857171,0.9567596281379054,0
545f4b67ccd14b747da3,2025-06-1-as_supplied-normal,40000,capacity_aware,61001,work,failed,178699.62251785156,509825.58148700016,50174.41851299974,0.9504495201996559,0
565f888197409462f4b6,2025-06-1-as_supplied-normal,10000,least_laxity_first,61002,home,passed,182488.26733499396,140000.0,6.572520305780927e-14,0.959193792822269,0
56bf34f282fedfb5db62,2025-06-1-as_supplied-normal,6000,capacity_aware,61003,public,passed,153078.56481013965,84000.0,0,0.9701411562224308,0
5781c442705c726afe92,2025-12-1-as_supplied-normal,1000,randomized_delay,61002,home,failed,231949.31066031588,14000.0,0,0.9366128671186653,19
584130624d912e13cb69,2025-12-1.2-as_supplied-normal,10000,capacity_aware,61001,home,failed,278339.1684429847,140000.0,0,0.9146439494239524,27
5951084bbb5978542170,2025-06-1-as_supplied-normal,1000,immediate,61002,mixed,passed,148180.37101002556,14000.0,0,0.9712443137002371,0
5985ae9b32a35ef8cc8f,2025-06-1-as_supplied-normal,80000,capacity_aware,61001,home,failed,194791.81282582154,909458.4933623398,210541.5066376603,0.9505633787838219,0
5a295510ad674342aeb5,2025-06-1-as_supplied-normal,5000,capacity_aware,61001,public,passed,151633.12053277946,70000.0,0,0.9705660275911998,0
5ade0d972776a2d83a1d,2025-06-1-as_supplied-normal,40000,immediate,61001,public,failed,195753.89376226,560000.0,0,0.9533878749990368,54
5b405b6837334380cb2e,2025-06-1-as_supplied-normal,0,immediate,61003,home,passed,145406.79138918503,0,0,0.9722657747997784,0
5b75ce0a9345980e9245,2025-12-1.2-regulated-normal,20500,capacity_aware,61002,home,passed,232343.49562905007,287000.0,0,0.9585394744735974,0
5b969621f8bce3d1e401,2025-06-1-as_supplied-normal,25000,capacity_aware,61003,work,passed,178565.3611085468,350000.0,0,0.9508938570092952,0
5bc9dae34990766c193d,2025-06-1-as_supplied-normal,10000,least_laxity_first,61003,home,passed,183294.72143124166,140000.0,8.43769498715119e-14,0.9576339003776575,0
5bdee01802997f0bc5ef,2025-06-1-as_supplied-normal,20000,capacity_aware,61003,work,passed,177499.78578151448,280000.0,0,0.9538612895367459,0
5c1af1b419391c545ffe,2025-12-1.2-regulated-normal,0,immediate,61002,home,passed,219999.9973414636,0,0,0.9633167662208298,0
5c1fc47719f12adb2ade,2025-06-1-as_supplied-normal,10000,immediate,61001,home,passed,182995.441886006,140000.0,0,0.9589498390642976,0
5c5922644c600a8f790d,2025-06-1-as_supplied-normal,0,immediate,61003,home,passed,145406.79138918503,0,0,0.9722657747997784,0
5c9b76030f15533c1e70,2025-06-1-as_supplied-normal,20000,capacity_aware,61001,home,passed,194751.00542958558,280000.0,0,0.9518631456616948,0
5d72a6b1dc20aae989a8,2025-06-1-as_supplied-normal,10000,capacity_aware,61002,home,passed,182488.26733499396,140000.0,0,0.959193792822269,0
5e400e99e08e68ccb39a,2025-06-1-as_supplied-normal,0,capacity_aware,61001,work,passed,145406.79138918503,0,0,0.9722657747997784,0
5f7d548cda94078d9f0c,2025-08-1-as_supplied-normal,0,immediate,61001,home,passed,143356.33635016342,0,0,0.9730539613458282,0
60a962e397539023c9b9,2025-06-1-as_supplied-normal,1000,valley_filling,61002,home,passed,146245.42690338066,14000.0,9.504064202303653e-13,0.9719927151471057,0
612b3249b30b35e3579c,2025-12-1.2-regulated-normal,20500,capacity_aware,61001,home,passed,232285.55976873732,287000.0,0,0.9568964654834192,0
61a66e72dc354d75672d,2025-06-1-as_supplied-normal,50000,capacity_aware,61002,home,passed,195129.01778587926,700000.0,0,0.950075554170399,0
62cc69b55dec1340660a,2025-06-1-as_supplied-normal,1000,capacity_aware,61001,home,passed,149309.71247544087,14000.0,0,0.9552099033513717,0
6312844cd0cae599c5c6,2025-06-1-as_supplied-normal,15000,immediate,61002,work,failed,208606.5587144977,210000.0,0,0.955009457427954,7
643b39c178b7f90ebac4,2025-06-1-as_supplied-normal,80000,immediate,61001,home,failed,453791.8362519298,1120000.0,0,0.8147778061990644,22
650a4362af54657b80f3,2025-12-1-as_supplied-normal,1000,capacity_aware,61002,public,failed,231949.31066123908,9743.349999999999,4256.650000000003,0.9366128671186462,19
6559a7ee3762ced6c791,2025-12-1-as_supplied-normal,0,capacity_aware,61001,home,failed,231949.31066031588,0,0,0.9366128671186653,19
6562c4c19d072a3b7801,2025-06-1-as_supplied-normal,0,immediate,61002,home,passed,145406.79138918503,0,0,0.9722657747997784,0
65961cf2b3571a1731b6,2025-06-1-as_supplied-normal,0,immediate,61002,public,passed,145406.79138918503,0,0,0.9722657747997784,0
65c802aa9d77d4b81bb6,2025-06-1-as_supplied-normal,10000,randomized_delay,61001,home,passed,145406.79138918503,140000.0,0,0.9722657747997784,0
66c7c1f0fdad01273bb7,2025-06-1-as_supplied-normal,1000,capacity_aware,61002,public,passed,146779.15215241758,14000.0,0,0.9719275127068766,0
66d15e604f7ad8e872c2,2025-06-1-as_supplied-normal,13000,immediate,61001,home,passed,194270.1431295786,182000.0,0,0.9542530870591289,0
6765251b4f998d93dede,2025-12-1.2-regulated-normal,10000,fixed_delay,61002,home,failed,292734.91916326556,140000.0,0,0.9396269301581657,9
6896849c3db8aba382a9,2025-06-1-as_supplied-normal,80000,immediate,61002,home,failed,451919.66265427985,1120000.0,0,0.8220727866308825,22
68f0b7c5b287fb55b294,2025-06-1-as_supplied-normal,20000,immediate,61001,work,failed,243815.50949655304,280000.0,0,0.9408162826567513,9
6921fac7f5c6e8257481,2025-06-1-as_supplied-normal,1000,immediate,61001,public,passed,146611.4147520008,14000.0,0,0.9718624419571724,0
6939eb7374fb2e593a28,2025-06-1-as_supplied-normal,10000,capacity_aware,61001,home,passed,179420.73944984833,140000.0,0,0.9605107543477757,0
6a2aac6bcbe115527b4c,2025-06-1-as_supplied-normal,10000,immediate,61002,work,passed,173052.8910889919,140000.0,0,0.9684162029980946,0
6b9a9093a49fdf6405a0,2025-06-1-as_supplied-normal,10000,immediate,61001,home,unknown,170146.4445662821,140000.0,0,0.6566987091435994,23
6c72c65b573f67079642,2025-06-1-as_supplied-normal,40000,immediate,61002,home,unknown,156254.68314318932,560000.0,0,0.7847065440329126,25
6ced24fc3c0610fe527e,2025-06-1-as_supplied-normal,1000,valley_filling,61003,home,passed,146259.9715875697,14000.0,8.49903480926173e-13,0.971949652206506,0
6dc66b31387b25c30dd5,2025-06-1-as_supplied-normal,10000,least_laxity_first,61001,home,passed,182995.441886006,140000.0,8.881784197001252e-14,0.9589498390642976,0
6ddf9f8895e3afefa527,2025-06-1-as_supplied-normal,5000,immediate,61002,work,passed,145406.79138914746,70000.0,0,0.9722657747999532,0
6e9301b50d49a974dcd4,2025-12-1.2-regulated-normal,80000,immediate,61001,home,failed,533134.8918247143,1120000.0,0,0.770880034951282,25
6ea76a4554ffed45b177,2025-12-1.2-regulated-normal,40000,immediate,61002,home,failed,373827.84717518714,560000.0,0,0.8926535261991011,24
6edf28a323d8231fcb5f,2025-06-1-as_supplied-normal,40000,capacity_aware,61003,public,failed,150446.83959015692,67948.965,492051.0349999997,0.9708122538680046,0
6ffc68b7329c008374d9,2025-12-1-as_supplied-normal,1000,immediate,61002,work,failed,231949.31066035564,14000.0,0,0.9366128671186242,19
718893427940399e6925,2025-06-1-as_supplied-normal,1000,immediate,61001,work,passed,145406.79138923384,14000.0,0,0.9722657747998734,0
71b7ddd43e15ebe034c1,2025-06-1-as_supplied-normal,10000,capacity_aware,61002,home,failed,150016.1731581896,81828.25900776863,58171.740992231375,0.9508983593761915,0
747fad8f680205de0e22,2025-06-1-as_supplied-normal,5000,immediate,61002,public,passed,151738.95063263105,70000.0,0,0.9705621907209157,0
748917eac9914df79274,2025-12-1.2-regulated-normal,22500,capacity_aware,61003,home,failed,232332.6661112766,310872.26403113286,4127.735968867821,0.9561135261864369,0
74bc61c9097d72d506ec,2025-06-1-as_supplied-normal,30000,capacity_aware,61003,work,failed,178869.24000367738,416840.09994219604,3159.900057804692,0.9500957774279073,0
74e5dc0195186788cd3a,2025-06-1-as_supplied-normal,1000,capacity_aware,61003,mixed,passed,148252.46718534007,14000.0,0,0.9708744940342838,0
75641bdfba1282eb5fee,2025-06-1-as_supplied-normal,1000,immediate,61003,work,passed,145406.79138911224,14000.0,0,0.9722657747998757,0
76c50482ff14500157f3,2025-09-1-as_supplied-normal,0,immediate,61001,home,passed,161961.95511397853,0,0,0.9663984522457868,0
77c6c048b3d630b30f1a,2025-06-1-as_supplied-normal,20000,immediate,61003,work,failed,244244.75792628393,280000.0,0,0.9400027684484564,9
7a02a70e77e52d99b1a3,2025-06-1-as_supplied-normal,1000,least_laxity_first,61001,home,passed,149241.61301961448,14000.0,1.7763568394002505e-15,0.9710969219819405,0
7a0e14bcef2a34d5d173,2025-06-1-as_supplied-normal,5000,capacity_aware,61002,public,passed,151738.95063263105,70000.0,0,0.9705621907209157,0
7b28888c6da66b0c94e4,2025-06-1-as_supplied-normal,28500,capacity_aware,61002,work,failed,177953.00194493038,398001.62659941305,998.3734005880877,0.9504793173439714,0
7b70d1190475e0ef5c5e,2025-12-1.2-regulated-normal,10000,least_laxity_first,61002,home,passed,232307.24886194756,140000.0,5.5067062021407764e-14,0.9567718847026596,0
7c058028d905872e0793,2025-06-1-as_supplied-normal,1500,immediate,61002,home,failed,150935.1117105084,21000.0,0,0.9462481225578554,8
7c664ef5352e2ab582d9,2025-12-1-as_supplied-normal,1000,immediate,61003,work,failed,231949.3106602297,14000.0,0,0.9366128671188307,19
7db923c2c00ae9558f62,2025-06-1-as_supplied-normal,60000,capacity_aware,61002,home,failed,194454.34420118184,821113.7991208422,18886.200879157368,0.9503564366554468,0
7e49465523ad639f267e,2025-06-1-as_supplied-normal,10000,capacity_aware,61003,home,passed,183294.72143124166,140000.0,0,0.9576339003776575,0
7eb12dedeb2ea5662450,2025-06-1-as_supplied-normal,1000,immediate,61003,home,passed,149189.49762612724,14000.0,0,0.9708786221122431,0
7eeb2e9a6116e68eedaf,2024-01-1-as_supplied-normal,0,immediate,61001,home,failed,212645.87697543149,0,0,0.9451494453330704,13
801aad136de4bd994a7c,2025-06-1-as_supplied-normal,1000,capacity_aware,61003,home,passed,149189.49762612724,14000.0,0,0.9708786221122431,0
80c0e66ed1cf44dbbe79,2025-12-1.2-regulated-normal,80000,immediate,61003,home,failed,532641.3970773222,1120000.0,0,0.7656883044460241,25
816bc768da2907d61114,2025-06-1-as_supplied-normal,1000,capacity_aware,61002,home,passed,149022.6937674198,14000.0,0,0.9710231950590933,0
8190515478c5a5cef9dd,2025-06-1-as_supplied-normal,6000,capacity_aware,61002,public,passed,152957.85324298346,84000.0,0,0.9701301254482623,0
819413f7e5fb859d9f1c,2025-06-1-as_supplied-normal,1500,immediate,61001,home,failed,151156.990425688,21000.0,0,0.9450738863290283,8
81bf729140db7c704897,2025-01-1.2-as_supplied-normal,0,immediate,61001,home,failed,262125.62938292132,0,0,0.9225721314095318,23
8223da92b94120f85711,2025-06-1-as_supplied-normal,20000,immediate,61003,public,failed,170830.5055137741,280000.0,0,0.9643414718773168,52
82d4d367941f8c54577b,2025-12-1-as_supplied-normal,1000,randomized_delay,61001,home,failed,231949.31066031588,14000.0,0,0.9366128671186653,19
82da2d4d50aab28fcf92,2025-06-1-as_supplied-normal,80000,capacity_aware,61001,work,failed,178536.6541376795,455109.815924309,664890.184075691,0.9501388550754848,0
8328345ea1834061b604,2025-12-1.2-regulated-normal,80000,capacity_aware,61002,home,failed,232628.3716979973,314978.10506629257,805021.8949337074,0.9505394295032152,0
83d36dc27a84dc6d1c66,2025-06-1-as_supplied-normal,80000,immediate,61003,home,failed,450698.8158311645,1120000.0,0,0.8124833582506964,22
8531bf30cbd94b2129a9,2025-06-1-as_supplied-normal,6500,immediate,61002,public,failed,153475.8051759538,91000.0,0,0.9700175141939514,1
85670972dcc9dd896774,2025-06-1-as_supplied-normal,0,capacity_aware,61003,home,passed,145406.79138918503,0,0,0.9722657747997784,0
85adb23e2eb31b6a117f,2025-12-1.2-regulated-normal,10000,randomized_delay,61002,home,failed,223250.05607360325,140000.0,0,0.9633167662208298,11
867db8f93825b595f04c,2025-06-1-as_supplied-normal,10000,capacity_aware,61001,home,passed,193500.6080745739,140000.0,0,0.9510405705193136,0
8709408224eb1fc1403e,2025-12-1-as_supplied-normal,1000,randomized_delay,61003,home,failed,231949.31066031588,14000.0,0,0.9366128671186653,19
8729ccb602f43a8eb5da,2025-06-1-as_supplied-normal,5000,immediate,61003,home,failed,165745.27700729654,70000.0,0,0.8439254375837317,19
87431d7717d573623525,2025-06-1-as_supplied-normal,10000,capacity_aware,61003,home,failed,147708.91036159062,79934.97107682934,60065.02892317069,0.950013316086673,0
87571b6829ea842c91e1,2025-06-1-as_supplied-normal,0,immediate,61003,public,passed,145406.79138918503,0,0,0.9722657747997784,0
87b2058fdfd9190f8cae,2025-06-1-as_supplied-normal,1000,capacity_aware,61002,mixed,passed,148180.37101002556,14000.0,0,0.9712443137002371,0
88745b1cd0d0503831ca,2025-06-1-as_supplied-normal,25000,capacity_aware,61001,work,passed,178519.67071410647,350000.0,0,0.9556800555983263,0
88a296dc2fde876789f0,2024-10-1-as_supplied-normal,0,immediate,61001,home,passed,176595.30422292117,0,0,0.9605839336885277,0
896a4183c0c4ef6b57d3,2025-06-1-as_supplied-normal,0,immediate,61001,home,passed,145406.79138918503,0,0,0.9722657747997784,0
8aa4f80142b0479c75e6,2025-12-1.2-regulated-normal,10000,capacity_aware,61001,home,passed,232241.38907599324,140000.0,0,0.9581398970278713,0
8be96d40dd5cfaa8e4e0,2025-12-1.2-regulated-normal,0,capacity_aware,61001,home,passed,219999.9973414636,0,0,0.9633167662208298,0
8bf41b9d178cbd2baa06,2025-06-1-as_supplied-normal,40000,capacity_aware,61002,home,passed,194994.23123632427,560000.0,0,0.952096585005718,0
8d9d5dd3b3333ca7d5bd,2025-12-1.2-regulated-normal,10000,immediate,61001,home,failed,258253.43792893892,140000.0,0,0.9481922762115804,20
8e3b97e43861c1e1ed0a,2025-06-1.2-regulated-normal,0,immediate,61001,home,passed,174488.1492282703,0,0,0.9823400907030465,0
8e6acd6ab9f169154325,2025-12-1-as_supplied-normal,1000,valley_filling,61001,home,failed,231949.31066123908,14000.0,9.702239012199243e-13,0.9366128671186462,19
8f55a2f95fda575bfd9c,2025-06-1-as_supplied-normal,5000,capacity_aware,61003,home,passed,149211.80634000347,70000.0,0,0.9500014250974786,0
8f66a62551d6921724e8,2025-06-1-as_supplied-normal,5000,immediate,61001,public,passed,151633.12053277946,70000.0,0,0.9705660275911998,0
907022898c8eb31a463e,2025-06-1-as_supplied-normal,7500,immediate,61002,public,failed,154772.37193435172,105000.0,0,0.9696478753510959,40
915f6003f0c53523d65e,2025-12-1.2-regulated-normal,25000,capacity_aware,61003,home,failed,232293.76574511663,324446.2194355564,25553.780564442717,0.9549458284639546,0
91ed4ec949aa9847c28f,2025-06-1-as_supplied-normal,80000,capacity_aware,61003,public,failed,150446.83959015692,68621.55749999998,1051378.4425000001,0.9708122538680046,0
922b68e1cbbf0683b10c,2025-06-1-as_supplied-normal,10000,immediate,61003,public,failed,158149.53500287601,140000.0,0,0.9687399861202546,45
92b2dbdbfee0ad387d4d,2025-12-1-as_supplied-normal,1000,immediate,61001,mixed,failed,234727.69260203608,14000.0,0,0.9354233595070599,19
92b46ba51d0a4d0aa3c4,2025-06-1-as_supplied-normal,1000,immediate,61002,home,passed,149084.60824099157,14000.0,0,0.9563264351946128,0
931f9807d84349070d48,2025-06-1-as_supplied-normal,40000,immediate,61003,home,failed,296765.9983526325,560000.0,0,0.908964344802664,19
94525aa6b0474dad2a92,2025-12-1.2-regulated-normal,1000,immediate,61001,home,passed,223893.67440811777,14000.0,0,0.9619513624820631,0
94d7367cd2cfabac4087,2025-06-1-as_supplied-normal,1000,immediate,61003,public,passed,146713.9231889077,14000.0,0,0.9717447989484361,0
94edada9366a98050717,2025-06-1-as_supplied-normal,5000,capacity_aware,61003,work,passed,145406.79138920002,70000.0,0,0.9722657747998377,0
95ebfb9f66dd03775962,2025-06-1-as_supplied-normal,6000,capacity_aware,61001,home,failed,147710.33377552763,78243.37363425634,5756.626365743668,0.9500514114884069,0
95fd502337c6830265e9,2025-12-1-as_supplied-normal,1000,capacity_aware,61003,public,failed,231949.31066123908,9975.299999999996,4024.7000000000025,0.9366128671186462,19
9681fd1032f1904db3ca,2025-12-1-as_supplied-normal,0,immediate,61003,home,failed,231949.31066031588,0,0,0.9366128671186653,19
96b3fe8f641e317164d2,2025-06-1-as_supplied-normal,12500,immediate,61002,work,failed,190874.78057825705,175000.0,0,0.961950105578593,4
971f06516fcb837d1115,2025-06-1-as_supplied-normal,80000,immediate,61003,public,failed,248286.78837563618,1120000.0,0,0.9241054740179804,56
97b56a0feb7133ea2a09,2025-06-1-as_supplied-normal,20000,capacity_aware,61003,public,failed,150446.83959015692,67995.20250000004,212004.7974999998,0.9708122538680046,0
98dd273f89dc5c55da09,2025-12-1-voltage_only-normal,0,immediate,61001,home,passed,231949.31124252494,0,0,0.9590033993315636,0
98f48c31533bec19b8b7,2025-07-1-as_supplied-normal,0,immediate,61001,home,passed,146780.7699543704,0,0,0.9717360056031388,0
991587a61096d33076b0,2025-12-1.2-regulated-normal,10000,valley_filling,61001,home,passed,231545.46631925565,140000.0,1.6931733792802106e-12,0.9593371045694229,0
99e44fc67f618ba99020,2025-06-1-as_supplied-normal,1000,capacity_aware,61002,public,passed,146761.71207715114,14000.0,0,0.9719661941370781,0
9a3c260d2ae6c721a01a,2025-12-1.2-regulated-normal,1000,capacity_aware,61002,home,passed,223804.6411230109,14000.0,0,0.9617287275266249,0
9a6ce4657a32923d7632,2025-12-1.2-regulated-normal,5000,capacity_aware,61001,home,passed,232270.86557071083,70000.0,0,0.9585610306093759,0
9abe27264e0bea75906c,2025-06-1-as_supplied-normal,1000,capacity_aware,61001,mixed,passed,148247.33930370162,14000.0,0,0.9712772112306285,0
9af6f29106d923d5cf50,2025-06-1-as_supplied-normal,10000,randomized_delay,61002,home,passed,145406.79138918503,140000.0,0,0.9722657747997784,0
9b1170a6710fd9bab17c,2025-06-1-as_supplied-normal,10500,immediate,61002,work,failed,176596.16432168725,147000.0,0,0.9671889718600135,1
9b87a158ec25bbad341b,2025-06-1-as_supplied-normal,20000,capacity_aware,61003,home,passed,194914.21147276866,280000.0,0,0.9500585025090781,0
9b8adfb393fe6cbd941e,2025-06-1-as_supplied-normal,28500,capacity_aware,61001,work,passed,178586.94687528664,399000.0,0,0.9502749056974471,0
9c0ebb6f3d8a7cc52064,2025-06-1-as_supplied-normal,1000,fixed_delay,61001,work,failed,145406.79138918503,0.0,14000.0,0.9722657747997784,0
9c3ccf3753d4094d54fd,2025-06-1-as_supplied-normal,20000,immediate,61002,home,unknown,168687.09080094914,280000.0,0,0.6619171540204517,24
9d02a8bdef39abfe1c24,2025-12-1.2-regulated-normal,3500,immediate,61002,home,failed,233312.33079190287,49000.0,0,0.9579851000117555,10
9d1b9e93631bd6eebd7a,2025-12-1.2-regulated-normal,40000,immediate,61001,home,failed,374055.7866719232,560000.0,0,0.8938774147983574,24
9d46681f7df2fb455342,2025-12-1.2-regulated-normal,25000,capacity_aware,61001,home,failed,232259.69738081968,324519.2894355565,25480.710564442667,0.9563613120338127,0
9dab3c62d1a52114dd9e,2025-06-1-as_supplied-normal,13500,immediate,61002,home,failed,195573.50168335263,189000.0,0,0.954358965507833,5
9e360ef99b188c52b6f5,2025-06-1-as_supplied-normal,12500,immediate,61001,work,failed,190434.1328586909,175000.0,0,0.9613248599534254,4
9eacc30117ddbeaaed64,2025-06-1-as_supplied-normal,80000,capacity_aware,61002,home,failed,149963.11345217982,82390.33881428288,1037609.6611857171,0.9531598561205064,0
9f59ab589bbb23a4cb3e,2025-01-1-voltage_only-normal,0,immediate,61001,home,passed,218438.02791591306,0,0,0.9647974261746088,0
9fb998dd30c7a746d3dd,2025-12-1-as_supplied-normal,1000,immediate,61001,public,failed,233236.45784620795,14000.0,0,0.9361193255558075,19
9fece0a29e4aa85f47f1,2025-06-1-as_supplied-normal,10000,immediate,61003,home,passed,183294.72143124166,140000.0,0,0.9576339003776575,0
a072cb803207d96e1541,2025-12-1-as_supplied-normal,1000,fixed_delay,61003,home,failed,231949.31066031588,14000.0,0,0.9366128671186653,19
a19489fb68ae41f69615,2025-06-1-as_supplied-normal,20000,capacity_aware,61001,public,failed,150446.83959015692,68102.82000000005,211897.18000000008,0.9708122538680046,0
a2d8f8cf725f48019cb6,2025-12-1.2-regulated-normal,3000,immediate,61001,home,passed,231492.43454394877,42000.0,0,0.9586246028967466,0
a35624d1e200fd320577,2025-06-1-as_supplied-normal,10000,immediate,61002,home,unknown,170984.37051483316,140000.0,0,0.6768607086494343,23
a372850a8a4089edaed2,2025-06-1-as_supplied-normal,6500,capacity_aware,61001,public,failed,151797.55854938427,71317.03140624998,19682.968593749993,0.9708122538680046,0
a4513f508348596fda9f,2025-06-1-as_supplied-normal,47500,capacity_aware,61003,home,passed,194775.39582565744,665000.0,0,0.9503372632376429,0
a55d1bd2f46bb9546c78,2025-12-1.2-regulated-normal,10000,least_laxity_first,61003,home,passed,232345.394397157,140000.0,3.108624468950438e-14,0.9565865225682706,0
a5607d5fb0123dcb3247,2025-06-1-as_supplied-normal,1000,capacity_aware,61001,public,passed,146690.2144630498,14000.0,0,0.9719540878374381,0
a6803c50723a090b84dd,2025-06-1-as_supplied-normal,40000,immediate,61002,home,failed,295433.5415430095,560000.0,0,0.910946604836347,19
a6bb2aa79fd0689c9b25,2025-06-1-as_supplied-normal,11000,immediate,61002,work,failed,180127.97561599247,154000.0,0,0.9659743200698286,2
a6d8ae9ed5b9e5ae3319,2025-06-1-as_supplied-normal,80000,immediate,61002,public,failed,247857.84857829002,1120000.0,0,0.9250965625396034,56
a70e666cc3c069824e39,2025-12-1-regulated-normal,0,immediate,61001,home,passed,219999.9971846468,0,0,0.9637551522367227,0
a72a0bffbf2c4d67b0eb,2025-06-1-as_supplied-normal,40000,immediate,61001,work,failed,389368.94064400136,560000.0,0,0.8677589341134938,13
a783bbf179e97b7eed6e,2025-06-1-as_supplied-normal,48500,capacity_aware,61003,home,failed,194786.8013773899,678793.3904596432,206.609540355938,0.9516955654414883,0
a7d0c9b6d6554f483f68,2025-06-1-as_supplied-normal,80000,capacity_aware,61002,home,failed,195079.0282811447,880629.0515910975,239370.94840890195,0.9510337457768969,0
a863cacfb0a0c5646340,2025-06-1-as_supplied-normal,80000,immediate,61001,public,failed,248230.5793593094,1120000.0,0,0.9248863031672191,56
a8addd50502a6b2f1e28,2025-06-1-as_supplied-normal,1000,capacity_aware,61001,public,passed,146904.48032576047,14000.0,0,0.9717427427962647,0
a8fe7754610b084822c6,2025-06-1-as_supplied-normal,1000,immediate,61003,public,passed,146698.06155390147,14000.0,0,0.9719619332810012,0
a92cdb28fb2f9a6cfcbb,2025-12-1-as_supplied-normal,1000,fixed_delay,61002,home,failed,231949.31066031588,14000.0,0,0.9366128671186653,19
a9a823c60395abf0e908,2025-06-1-as_supplied-normal,1000,randomized_delay,61003,home,passed,145406.79138918503,14000.0,0,0.9722657747997784,0
a9b638c7e293d3906456,2025-06-1-as_supplied-normal,10000,capacity_aware,61001,work,passed,172753.06022984796,140000.0,0,0.9686255811685855,0
ab68585bfd02bd3f3191,2025-12-1-as_supplied-normal,1000,capacity_aware,61001,work,failed,231949.31066047918,14000.0,0,0.9366128671186591,19
ac36975e1151a5dfa832,2025-06-1-as_supplied-normal,48000,capacity_aware,61001,home,passed,194895.78101649144,672000.0,0,0.9501363332507599,0
ad208d51b1e39205f8dd,2025-06-1-as_supplied-normal,10000,capacity_aware,61002,work,passed,173052.8910889919,140000.0,0,0.9684162029980946,0
ae1459e3960fac7f4521,2025-06-1-as_supplied-normal,0,immediate,61002,home,passed,145406.79138918503,0,0,0.9722657747997784,0
ae1a822cd6c167c387d6,2025-06-1-as_supplied-normal,1000,capacity_aware,61002,home,passed,149084.60824099157,14000.0,0,0.9563264351946128,0
aeb06344532d816f0603,2025-12-1-as_supplied-normal,0,immediate,61002,home,failed,231949.31066031588,0,0,0.9366128671186653,19
af45806a56c00d7762c9,2025-12-1.2-regulated-normal,21000,capacity_aware,61001,home,failed,232287.89355427233,293915.0000000007,85.00000000000011,0.9567028850243706,0
afd6c62a0fea6e6363ab,2025-06-1-as_supplied-normal,10000,capacity_aware,61001,home,passed,182826.18114965654,140000.0,0,0.9591234890391198,0
afde0572cfd1fcf2185c,2025-06-1-as_supplied-normal,48500,capacity_aware,61002,home,passed,195169.60994415832,679000.0,0,0.9501708647330862,0
b0cd3e3e7f725f7027c6,2025-12-1.2-regulated-normal,4000,immediate,61003,home,failed,235714.8861017309,56000.0,0,0.9569476558251608,12
b13b4615c5a3224745ed,2025-06-1-as_supplied-normal,13000,immediate,61002,home,passed,193639.1511741769,182000.0,0,0.9548946472295612,0
b2dc29eef3a2c42a590f,2025-06-1-as_supplied-normal,0,capacity_aware,61001,public,passed,145406.79138918503,0,0,0.9722657747997784,0
b32fe9686e408a90a503,2024-12-1-as_supplied-normal,0,immediate,61001,home,failed,225100.30754017827,0,0,0.9396795215362124,16
b4947974299f9b92bf47,2025-06-1-as_supplied-normal,25000,capacity_aware,61002,work,passed,178439.32364959214,350000.0,0,0.9505862538927029,0
b49b48f6d820a3d7e1ad,2025-06-1-as_supplied-normal,10000,capacity_aware,61001,home,passed,145406.79138918503,0.0,0,0.9722657747997784,0
b56fbf36ca45b42815fe,2025-06-1-as_supplied-normal,80000,immediate,61001,home,unknown,141139.12106433065,1120000.0,0,0.8971396443404344,25
b6a57c797c239e12b3ad,2025-06-1-as_supplied-normal,1000,immediate,61002,work,passed,145406.79138911387,14000.0,0,0.9722657747998925,0
b72271a2f86c679572ea,2025-06-1-as_supplied-normal,0,capacity_aware,61002,home,passed,145406.79138918503,0,0,0.9722657747997784,0
b78f4cddb57ecf2d7ed2,2025-01-1.2-voltage_only-normal,0,immediate,61001,home,failed,262125.6302872256,0,0,0.9454997534971983,15
b7a6c96fe91656738d7a,2025-06-1-as_supplied-normal,40000,capacity_aware,61001,home,passed,194817.69169902708,560000.0,0,0.9514796314610733,0
b828bde32de259539885,2025-06-1-as_supplied-normal,10500,immediate,61001,work,failed,176286.80959049257,147000.0,0,0.9670497569807904,1
b83015c73e4e9e9f4446,2025-06-1-as_supplied-normal,15000,immediate,61003,work,failed,208541.32795966955,210000.0,0,0.9542951953942017,6
b8749f73755473fcda67,2025-06-1-as_supplied-normal,10000,capacity_aware,61001,home,failed,147709.99285481006,79440.70542519112,60559.294574808875,0.9500510566450794,0
b8815ac2b9d628db3b17,2025-06-1-as_supplied-normal,40000,immediate,61003,work,failed,389507.1217076843,560000.0,0,0.8657807243269551,13
b89149b270173846a812,2025-06-1-as_supplied-normal,27500,capacity_aware,61002,work,passed,178435.66778240347,385000.0,1.7763568394002505e-15,0.950145021592884,0
b969ecbc58c68986d836,2025-12-1.2-regulated-normal,20000,capacity_aware,61003,home,passed,232310.25834429014,280000.0,0,0.9576050256860628,0
ba784c6baf90841e072d,2025-12-1.2-regulated-normal,3500,immediate,61003,home,failed,233852.12865167984,49000.0,0,0.9578624994335683,10
ba90bfd237db1d507f51,2025-12-1.2-regulated-normal,22500,capacity_aware,61002,home,failed,232335.07796017904,310779.3618093885,4220.638190610176,0.9582837658574338,0
baec0b46b0979b64da3e,2025-06-1-as_supplied-normal,40000,capacity_aware,61001,home,failed,147710.33377552763,79872.08273170539,480127.9172682946,0.9500502036780158,0
bb0336b193a4a24765cd,2025-06-1-as_supplied-normal,5000,immediate,61003,home,passed,164659.8521664629,70000.0,0,0.9649207838028733,0
bb8545f48a2de84300ba,2025-06-1-as_supplied-normal,28000,capacity_aware,61001,work,passed,178706.117396795,392000.0,0,0.951191348541543,0
bbcf5a90caa833475811,2025-12-1.2-regulated-normal,1000,capacity_aware,61003,home,passed,223981.3932536796,14000.0,0,0.9617536666508811,0
bbdd1b0e0d11e31e0a8c,2025-01-1-regulated-normal,0,immediate,61001,home,passed,218438.02791591306,0,0,0.9647974261746088,0
bd6c10a5907c48d9d64e,2025-06-1-as_supplied-normal,80000,capacity_aware,61002,public,failed,150446.83959015692,68625.0,1051375.0,0.9708122538680046,0
bda3ed9bd3d7cf4015a2,2025-12-1-as_supplied-normal,1000,immediate,61003,public,failed,233199.19970125932,14000.0,0,0.9362350399280197,19
be140b41f5fff6d8d866,2025-06-1-as_supplied-normal,50000,capacity_aware,61001,home,passed,194826.70695126103,700000.0,0,0.9506241753964925,0
be614c8121aae5153917,2025-06-1-as_supplied-normal,80000,capacity_aware,61003,home,failed,194766.07767975063,861231.4465226822,258768.55347731846,0.9500016370887127,0
be77cc3e3ab6e4684f8c,2025-06-1-as_supplied-normal,3000,immediate,61001,home,failed,157085.96009147813,42000.0,0,0.9093000216111516,16
bf2afb79c83b9ced6a37,2025-12-1.2-as_supplied-normal,0,immediate,61001,home,failed,278339.1684431213,0,0,0.9146439494238627,27
bfc294ed00a5b393122e,2025-12-1.2-regulated-normal,10000,randomized_delay,61003,home,failed,223419.77191340833,140000.0,0,0.9633167662208298,12
bfca98c545e1200c1acf,2025-12-1.2-regulated-normal,20500,capacity_aware,61003,home,passed,232295.9504619353,287000.0,0,0.9573365219213256,0
bffd3d29eddd75abe22c,2025-06-1-as_supplied-normal,1000,capacity_aware,61003,work,passed,145406.79138911224,14000.0,0,0.9722657747998757,0
c0c1ab3e174de0f722ad,2025-06-1-as_supplied-normal,7500,immediate,61001,public,failed,155047.78088758275,105000.0,0,0.9696585281887341,42
c0cfb9866319387dc754,2025-06-1-as_supplied-normal,10000,capacity_aware,61003,work,passed,172865.16857335,140000.0,0,0.9677149323653187,0
c0e996dd7623051beb60,2025-12-1.2-regulated-normal,25000,capacity_aware,61002,home,failed,232363.47923921983,324929.2185775405,25070.78142245817,0.9576725546841824,0
c174348543fff2afcdf9,2025-06-1-as_supplied-normal,1000,immediate,61003,home,passed,149255.796512626,14000.0,0,0.9555247798892993,0
c2b3cf53942b9932ba4b,2025-06-1-as_supplied-normal,1000,capacity_aware,61003,home,passed,149255.796512626,14000.0,0,0.9555247798892993,0
c2d1afa64aedb50892fd,2025-06-1-as_supplied-normal,10000,immediate,61001,public,failed,158194.63811901977,140000.0,0,0.9686310254162099,46
c4bf31f3cf3319bf3626,2025-12-1-as_supplied-normal,1000,least_laxity_first,61002,home,failed,231949.31066123908,14000.0,2.6645352591003757e-15,0.9366128671186462,19
c4e8f42c53a78f4d5571,2025-12-1.2-regulated-normal,20000,immediate,61003,home,failed,296866.20278128405,280000.0,0,0.92976212215183,23
c5d63694a592593d1f2a,2025-06-1-as_supplied-normal,1000,immediate,61003,mixed,passed,148252.46718534007,14000.0,0,0.9708744940342838,0
c77b3fc9cc2cede8a0d2,2025-06-1-as_supplied-normal,0,immediate,61001,home,passed,145406.79138918503,0,0,0.9722657747997784,0
c7c79bb639b3222e04ff,2025-06-1-as_supplied-normal,80000,immediate,61001,work,unknown,589676.3441939213,1120000.0,0,0.6378005606772158,15
c8255387772820d47190,2025-12-1.2-regulated-normal,1000,capacity_aware,61001,home,passed,223893.67440811777,14000.0,0,0.9619513624820631,0
c856a8a49162f1598139,2025-12-1-as_supplied-normal,1000,least_laxity_first,61003,home,failed,231949.31066123908,14000.0,4.440892098500626e-15,0.9366128671186462,19
c8cf3043fd33b0614496,2025-06-1-as_supplied-normal,6000,immediate,61002,public,passed,152957.85324298346,84000.0,0,0.9701301254482623,0
c9064a300b69187b632f,2025-06-1-as_supplied-normal,40000,immediate,61002,public,failed,196793.68463351845,560000.0,0,0.9529973423148593,54
c92cd56105c342c9b0f5,2025-06-1-as_supplied-normal,40000,capacity_aware,61003,home,failed,149984.80576466123,82390.33881428288,477609.6611857171,0.9531658222961473,0
c93c2881afd7e60715e3,2025-12-1.2-regulated-normal,10000,fixed_delay,61001,home,failed,292743.95340342337,140000.0,0,0.9391393721446945,9
c95086e501fce43cffa5,2025-06-1-as_supplied-normal,10000,immediate,61003,home,unknown,169915.3191950475,140000.0,0,0.6783281109833094,22
c97f45f3a4d68607e777,2025-06-1-as_supplied-normal,80000,immediate,61002,work,unknown,587206.7549251305,1120000.0,0,0.6695627809082225,15
c9c1a9a214adca10f15c,2025-06-1-as_supplied-normal,80000,immediate,61003,work,unknown,590568.1598408351,1120000.0,0,0.6109583595242316,15
ca7ecb959e7273fb59a7,2025-06-1-as_supplied-normal,10000,capacity_aware,61001,home,passed,182995.441886006,140000.0,0,0.9589498390642976,0
cb488bb29a029c5607eb,2025-06-1-as_supplied-normal,1000,immediate,61002,work,passed,145406.79138911387,14000.0,0,0.9722657747998925,0
cbb3ea74831b617daaa3,2025-12-1.2-regulated-normal,20000,immediate,61001,home,failed,296320.37802288285,280000.0,0,0.9318647349775866,23
cbda09cb286d59b5cfb2,2025-06-1-as_supplied-normal,0,capacity_aware,61002,work,passed,145406.79138918503,0,0,0.9722657747997784,0
cbe3c0de80b3c00e10c8,2025-06-1-as_supplied-normal,10000,capacity_aware,61001,home,passed,182995.441886006,140000.0,0,0.9589498390642976,0
cc2e9f57c900a37504e3,2025-06-1-as_supplied-normal,20000,capacity_aware,61001,work,passed,177558.46697456937,280000.0,0,0.9570914047215232,0
cc7b73bec2c88a059d55,2025-12-0.996522-as_supplied-normal,10000,capacity_aware,61001,home,failed,231142.67236608395,140000.0,0,0.9369762537345776,17
cd4cabd0e4567a4b62c0,2025-12-1-as_supplied-normal,1000,immediate,61001,work,failed,231949.31066047918,14000.0,0,0.9366128671186591,19
cd546b379b494ca2c255,2025-06-1-as_supplied-normal,2000,immediate,61002,home,failed,152985.20968690302,28000.0,0,0.9345341648090126,12
cdbd9408eb30423c1b53,2025-06-1-as_supplied-normal,20000,capacity_aware,61002,public,failed,150446.83959015692,67990.47749999994,212009.52250000002,0.9708122538680046,0
cdcf0a06901032141bc2,2025-12-1.2-regulated-normal,40000,capacity_aware,61001,home,failed,232279.31136792208,325155.2204450586,234844.77955494134,0.9585175061788125,0
ce188ca4d76a51afe89c,2024-03-1-as_supplied-normal,0,immediate,61001,home,passed,190030.9983121499,0,0,0.9544225801659113,0
ce2051fb2704e47b5e85,2025-06-1-as_supplied-normal,40000,immediate,61001,home,unknown,155354.22204938636,560000.0,0,0.7942805561493835,25
cf248c185d7e53320b0a,2025-06-1-as_supplied-normal,1000,capacity_aware,61001,public,passed,146611.4147520008,14000.0,0,0.9718624419571724,0
d09c282e2b4ea1fceb4c,2025-06-1-as_supplied-normal,45000,capacity_aware,61003,home,passed,194764.30715239505,630000.0,0,0.950746233719842,0
d0b1777f9a68ff550949,2025-06-1-as_supplied-normal,80000,capacity_aware,61002,work,failed,178734.17442363946,385472.0234583764,734527.9765416239,0.9504069408991958,0
d17fa530a512a860704e,2025-12-1.2-regulated-normal,40000,immediate,61003,home,failed,373429.5138539195,560000.0,0,0.8908315447853319,24
d1c587952bf23de9761e,2025-12-1.2-regulated-normal,10000,valley_filling,61002,home,passed,231563.25916893678,140000.0,1.5239198791761055e-12,0.959398887652149,0
d1e629ba13c27199162a,2025-06-1-as_supplied-normal,12500,immediate,61003,work,failed,190652.18739879355,175000.0,0,0.9610972730022428,4
d31a995b0ecbbae7d6e0,2025-06-1-as_supplied-normal,28000,capacity_aware,61002,work,failed,177916.17641762664,391473.6800000008,526.3199999999972,0.9509530299744338,0
d398e3fad4892d462649,2025-12-1.2-regulated-normal,10000,immediate,61002,home,failed,257925.4484600022,140000.0,0,0.9482819412002641,20
d4d14e72b3ac9e910e9d,2025-06-1-as_supplied-normal,6000,capacity_aware,61003,home,failed,149205.80582760106,81574.34045965999,2425.6595403400243,0.9501807652863269,0
d4f280c82a8c92f04f19,2025-06-1-as_supplied-normal,0,capacity_aware,61003,home,passed,145406.79138918503,0,0,0.9722657747997784,0
d4f918d2b6744c0343ef,2025-12-1.2-regulated-normal,10000,least_laxity_first,61001,home,passed,232249.75859432173,140000.0,7.194245199571014e-14,0.9563897119452317,0
d5de58d84a995946c690,2025-06-1-as_supplied-normal,20000,immediate,61001,public,failed,170616.8084785812,280000.0,0,0.9651798863538557,52
d61e7aeab3730d0c6a79,2025-12-1-as_supplied-normal,1000,immediate,61002,home,failed,235751.57479432522,14000.0,0,0.9351364934534635,19
d63872bdb00942ac4f36,2025-06-1-as_supplied-normal,10000,capacity_aware,61002,public,failed,150446.83959015692,68117.80500000005,71882.19499999993,0.9708122538680046,0
d6bbf2109c2b9100c9c9,2025-06-1-as_supplied-normal,20000,capacity_aware,61002,work,passed,177442.43616135098,280000.0,0,0.9591326649643733,0
d701c940740e297c874e,2025-06-1-as_supplied-normal,7500,capacity_aware,61002,home,failed,150026.08153886205,81939.44103631988,23060.558963680112,0.9501473744660979,0
d7b1722bc086bf6c695c,2025-06-1-as_supplied-normal,20000,capacity_aware,61002,home,passed,194898.60703540046,280000.0,0,0.9507429200817713,0
d8d6b96432528462c53b,2025-06-1-as_supplied-normal,80000,immediate,61003,home,unknown,141114.82877442258,1120000.0,0,0.8972257768384179,25
dae5c60f531bc13b0ec3,2025-06-1-as_supplied-normal,10000,capacity_aware,61002,home,passed,165383.20579886128,140000.0,0,0.9653009101434145,0
db8ae8d4c5043d3e35a2,2025-06-1-as_supplied-normal,5000,capacity_aware,61002,home,passed,147708.7700572158,70000.0,0,0.9500383688750393,0
dc64aa7a29d403513e00,2024-04-1-as_supplied-normal,0,immediate,61001,home,passed,173985.52526340995,0,0,0.9610236098650948,0
dd4631342b967fc51a36,2025-06-1-as_supplied-normal,1000,immediate,61001,public,passed,146625.18742632424,14000.0,0,0.9718903504985155,0
ded0c8d19742f26d3985,2025-06-1-as_supplied-normal,10000,immediate,61001,home,failed,218401.88626133924,140000.0,0,0.9452645761185601,8
df219f055d0092c5fd6f,2025-06-1-as_supplied-normal,80000,immediate,61002,home,unknown,141516.37501240274,1120000.0,0,0.8948468371398001,25
dfa6da8f0abff72b9e5e,2025-06-1-as_supplied-normal,40000,immediate,61002,work,failed,389381.23300544097,560000.0,0,0.8705871918933934,13
e023611d7d0ecf510a3a,2025-06-1-as_supplied-normal,5000,immediate,61003,public,passed,151786.9682654515,70000.0,0,0.9704940011894485,0
e0f0b8dc5dcbdbc73c45,2025-06-1-as_supplied-normal,11000,immediate,61003,work,failed,180004.20607467098,154000.0,0,0.9650816707995308,2
e102c76257b12b37368c,2025-06-1-as_supplied-normal,6000,capacity_aware,61001,public,passed,153066.73683125823,84000.0,0,0.9701827951212278,0
e16325be2cff22d5689f,2025-06-1-as_supplied-normal,10000,capacity_aware,61003,home,passed,165375.4821781923,140000.0,0,0.9635142324823378,0
e195e1b7fae0e0f628bb,2025-06-1-as_supplied-normal,1000,randomized_delay,61001,home,passed,145406.79138918503,14000.0,0,0.9722657747997784,0
e1bc9d64f6612496b1c5,2025-06-1-as_supplied-normal,20000,immediate,61001,home,unknown,167863.87099486362,280000.0,0,0.6787038308783546,24
e3970d98c30caf362e3c,2025-06-1-as_supplied-normal,40000,capacity_aware,61001,public,failed,150446.83959015692,67977.99000000005,492022.0100000003,0.9708122538680046,0
e3adc75e775d6c37dc50,2025-12-1-as_supplied-normal,1000,immediate,61002,mixed,failed,234737.906767222,14000.0,0,0.9352959570316247,19
e3b13ccd9b278e2056f4,2025-06-1-as_supplied-normal,30000,capacity_aware,61001,work,passed,178593.30413883048,420000.0,0,0.9548672476800976,0
e5c6dda3494901d6bf30,2025-06-1-as_supplied-normal,60000,capacity_aware,61001,home,failed,194860.29499399065,821074.1780632416,18925.821936758708,0.9504646371727636,0
e5c945e4fd20b65f8637,2025-06-1-as_supplied-normal,5500,capacity_aware,61002,home,failed,147708.0252368084,76840.94937121816,159.05062878188602,0.9501718607037997,0
e6923df5c6d0103fde22,2025-12-1.2-regulated-normal,20000,immediate,61002,home,failed,296437.5933336739,280000.0,0,0.930920469057104,23
e6a4163c87cf30af13b0,2025-06-1-as_supplied-normal,1000,immediate,61002,home,passed,149022.6937674198,14000.0,0,0.9710231950590933,0
e6c659aa8b3eb8d0e7dc,2025-06-1-as_supplied-normal,20000,immediate,61003,home,unknown,167588.90210298705,280000.0,0,0.6854904609041018,24
e748afa17adca821d2a1,2025-06-1-as_supplied-normal,1000,capacity_aware,61001,public,passed,146625.18742632424,14000.0,0,0.9718903504985155,0
e7b2a6437f6bd9ab18cc,2025-06-1-as_supplied-normal,1000,capacity_aware,61001,work,passed,145406.79138923384,14000.0,0,0.9722657747998734,0
e80bec3bc6c17c1be403,2025-06-1-as_supplied-normal,0,immediate,61002,work,passed,145406.79138918503,0,0,0.9722657747997784,0
e82aa3bdfa2c82486205,2025-12-1-as_supplied-normal,1000,capacity_aware,61001,public,failed,231949.31066123908,9968.264999999996,4031.7349999999997,0.9366128671186462,19
e9c2233722c2531005fc,2025-12-1.2-regulated-normal,3000,immediate,61002,home,passed,231377.38517993718,42000.0,0,0.9586357173853219,0
ea60346ca146fbb771b1,2025-12-1-as_supplied-normal,1000,capacity_aware,61003,home,failed,231949.31066123908,14000.0,0,0.9366128671186462,19
eb57c0d3a4b4c2d6b67e,2025-06-1-as_supplied-normal,1000,fixed_delay,61002,home,passed,145406.79138918503,14000.0,0,0.9722657747997784,0
ec7eacc0ea7e94481656,2025-06-1-as_supplied-normal,40000,capacity_aware,61002,home,failed,149982.6582375625,82390.33881428286,477609.66118571715,0.9531598561205064,0
ec84acfc7a1707aa1bb7,2024-09-1-as_supplied-normal,0,immediate,61001,home,passed,158096.36453082322,0,0,0.967908784378285,0
ece6a3f99d44af6b0d78,2025-06-1-as_supplied-normal,1000,capacity_aware,61002,work,passed,145406.79138911387,14000.0,0,0.9722657747998925,0
ed2504bb470d37fe43d3,2025-12-1-as_supplied-normal,0,immediate,61001,home,failed,231949.31066031588,0,0,0.9366128671186653,19
ee93257219605d7831b6,2025-06-1-as_supplied-normal,5500,capacity_aware,61001,home,failed,147710.33377552763,76976.88000000003,23.119999999999997,0.9501207701602113,0
eeeba543eaca8fa32f62,2024-05-1-as_supplied-normal,0,immediate,61001,home,passed,145609.71982401522,0,0,0.9722295259309433,0
f035da8129cf6494884a,2025-06-1-as_supplied-normal,5000,capacity_aware,61003,public,passed,151786.9682654515,70000.0,0,0.9704940011894485,0
f04dadcff63f15e1301c,2025-06-1-as_supplied-normal,80000,capacity_aware,61003,work,failed,178560.5303217486,499121.7689890154,620878.2310109849,0.9504915482837012,0
f07c66b1951cde072cd0,2025-12-1-as_supplied-normal,1000,capacity_aware,61003,work,failed,231949.3106602297,14000.0,0,0.9366128671188307,19
f138d2a86667d2ea9141,2025-06-1-as_supplied-normal,6500,immediate,61001,public,failed,153734.30760235194,91000.0,0,0.9700237247573462,2
f242c9fcae446d1b02a9,2025-06-1-as_supplied-normal,1000,immediate,61003,work,passed,145406.79138911224,14000.0,0,0.9722657747998757,0
f2e1547e61b4477542a8,2025-12-1.2-regulated-normal,22500,capacity_aware,61001,home,failed,232291.9501422679,310123.07244564424,4876.927554356261,0.9567610350099436,0
f30b9a87fcb46526cf33,2025-12-1.2-regulated-normal,0,capacity_aware,61003,home,passed,219999.9973414636,0,0,0.9633167662208298,0
f3ee28585787f260e7de,2025-06-1-as_supplied-normal,7500,capacity_aware,61003,home,failed,150027.64386149458,80458.90175408978,24541.098245910256,0.9500239726235036,0
f4b1561ef63f13b25ce3,2025-12-1.2-regulated-normal,10000,valley_filling,61003,home,passed,231550.84211047893,140000.0,1.162542284660617e-12,0.9590497137144389,0
f4d82c886c0a66c9037e,2025-12-1.2-regulated-normal,21000,capacity_aware,61002,home,failed,232373.77365738212,293983.68000000017,16.320000000000068,0.9584493980189706,0
f4dc8bd0fba55742421c,2025-06-1-as_supplied-normal,1000,immediate,61001,home,passed,149241.61301961448,14000.0,0,0.9710969219819405,0
f4f583e3398bb6e13586,2025-06-1-as_supplied-normal,12500,immediate,61001,home,passed,192315.06120344723,175000.0,0,0.9550315589296648,0
f57175bd9673902612ed,2025-12-1-as_supplied-normal,1000,fixed_delay,61001,home,failed,231949.31066031588,14000.0,0,0.9366128671186653,19
f5e58cec131f93ae74e4,2025-06-1-as_supplied-normal,1000,immediate,61001,mixed,passed,148247.33930370162,14000.0,0,0.9712772112306285,0
f5ecc6811859ccf663a8,2025-06-1-as_supplied-normal,30000,capacity_aware,61002,work,failed,178113.73374529224,417276.84015464014,2723.159845361059,0.9500625359267519,0
f61cd6730cb50439d95a,2025-06-1-as_supplied-normal,0,capacity_aware,61002,public,passed,145406.79138918503,0,0,0.9722657747997784,0
f6589699b37dac6c9ba6,2024-06-1-as_supplied-normal,0,immediate,61001,home,passed,141201.30170299282,0,0,0.9738792497611308,0
f6bd14529219623ba6bc,2025-06-1-as_supplied-normal,1000,immediate,61002,public,passed,146779.15215241758,14000.0,0,0.9719275127068766,0
f73058a5c5a1698dada8,2025-06-1-as_supplied-normal,6500,capacity_aware,61003,public,passed,153725.62021667094,91000.0,0,0.969967063972896,0
f778e6a5f09f8a18e320,2025-12-1.2-regulated-normal,3000,immediate,61003,home,passed,231792.73343408585,42000.0,0,0.9589421752498497,0
f77cb99ce7050f847856,2025-06-1-as_supplied-normal,1000,least_laxity_first,61002,home,passed,149022.6937674198,14000.0,2.6645352591003757e-15,0.9710231950590933,0
f7f22e0de212cd6f1196,2024-11-1-as_supplied-normal,0,immediate,61001,home,failed,202618.35588181924,0,0,0.9498452245630947,3
fa19c4a8abe41e7bb48c,2025-12-1-as_supplied-normal,1000,immediate,61003,home,failed,235776.10903145114,14000.0,0,0.9349519722659457,19
fa7b4377a394f626f542,2025-06-1.2-voltage_only-normal,0,immediate,61001,home,passed,174488.1492282703,0,0,0.9823400907030465,0
faeb7d05cbd8c751ce88,2025-12-1-as_supplied-normal,0,capacity_aware,61003,home,failed,231949.31066031588,0,0,0.9366128671186653,19
fb3fba3fb08b0bbda5b9,2025-11-1-as_supplied-normal,0,immediate,61001,home,failed,208743.80063135515,0,0,0.9472392671012867,8
fb879da860eb8ef6708c,2025-06-1-as_supplied-normal,12500,immediate,61002,home,passed,191869.68057245394,175000.0,0,0.9556926100948926,0
fbe18274c483f34ddcce,2025-06-1-as_supplied-normal,27500,capacity_aware,61001,work,passed,178655.10444270144,385000.0,0,0.9519692175420075,0
fc430aba5d4eaf4238f9,2025-06-1-as_supplied-normal,2000,immediate,61001,home,failed,152988.81702624648,28000.0,0,0.9345962385652905,12
fc5f28a83353837f70e2,2025-06-1-as_supplied-normal,47500,capacity_aware,61002,home,passed,194705.43587928175,665000.0,0,0.9507287526478082,0
fcf5f3bb3100884bb1bd,2025-06-1-as_supplied-normal,28500,capacity_aware,61003,work,failed,178833.64575467564,398652.52000000025,347.4799999999984,0.9500851225456479,0
fd08475b71b6de45f4e4,2025-06-1-as_supplied-normal,10000,fixed_delay,61002,home,failed,201680.99547309513,140000.0,0,0.9558553067049357,8
fe3453c244559f520ad6,2025-06-1-as_supplied-normal,1000,immediate,61002,public,passed,146761.71207715114,14000.0,0,0.9719661941370781,0
feaaa0696320e6b01ad6,2025-06-1-as_supplied-normal,10000,fixed_delay,61003,home,failed,201697.79511599717,140000.0,0,0.9535742462369042,8
feb0ca0538a0a4129db1,2025-06-1-as_supplied-normal,5000,capacity_aware,61003,home,passed,164659.8521664629,70000.0,0,0.9649207838028733,0
ffa508e35383b7cd45da,2025-12-1-as_supplied-normal,1000,immediate,61003,mixed,failed,234756.19431992288,14000.0,0,0.9349526104008176,19
